"","UTC_START_TIME","LOCATIONID","USAGE"
"1","2015-04-01 04:00:00.0","18594",8.133
"2","2015-04-02 04:00:00.0","18594",7.078
"3","2015-04-03 04:00:00.0","18594",4.392
"4","2015-04-04 04:00:00.0","18594",20.273
"5","2015-04-05 04:00:00.0","18594",22.029
"6","2015-04-06 04:00:00.0","18594",8.431
"7","2015-04-07 04:00:00.0","18594",7.087
"8","2015-04-08 04:00:00.0","18594",10.307
"9","2015-04-09 04:00:00.0","18594",7.766
"10","2015-04-10 04:00:00.0","18594",7.739
"11","2015-04-11 04:00:00.0","18594",26.243
"12","2015-04-12 04:00:00.0","18594",9.384
"13","2015-04-13 04:00:00.0","18594",6.042
"14","2015-04-14 04:00:00.0","18594",8.287
"15","2015-04-15 04:00:00.0","18594",7.314
"16","2015-04-16 04:00:00.0","18594",6.167
"17","2015-04-17 04:00:00.0","18594",6.807
"18","2015-04-18 04:00:00.0","18594",20.383
"19","2015-04-19 04:00:00.0","18594",19.168
"20","2015-04-20 04:00:00.0","18594",8.89
"21","2015-04-21 04:00:00.0","18594",9.913
"22","2015-04-22 04:00:00.0","18594",10.622
"23","2015-04-23 04:00:00.0","18594",8.469
"24","2015-04-24 04:00:00.0","18594",7.656
"25","2015-04-25 04:00:00.0","18594",24.44
"26","2015-04-26 04:00:00.0","18594",13.31
"27","2015-04-27 04:00:00.0","18594",5.996
"28","2015-04-28 04:00:00.0","18594",6.658
"29","2015-04-29 04:00:00.0","18594",5.967
"30","2015-04-30 04:00:00.0","18594",5.345
"31","2015-05-01 04:00:00.0","18594",6.833
"32","2015-05-02 04:00:00.0","18594",9.795
"33","2015-05-03 04:00:00.0","18594",16.208
"34","2015-05-04 04:00:00.0","18594",5.278
"35","2015-05-05 04:00:00.0","18594",5.98
"36","2015-05-06 04:00:00.0","18594",5.434
"37","2015-05-07 04:00:00.0","18594",4.334
"38","2015-05-08 04:00:00.0","18594",4.743
"39","2015-05-09 04:00:00.0","18594",16.968
"40","2015-05-10 04:00:00.0","18594",23.601
"41","2015-05-11 04:00:00.0","18594",12.251
"42","2015-05-12 04:00:00.0","18594",11.724
"43","2015-05-13 04:00:00.0","18594",11.533
"44","2015-05-14 04:00:00.0","18594",11.643
"45","2015-05-15 04:00:00.0","18594",9.087
"46","2015-05-16 04:00:00.0","18594",24.482
"47","2015-05-17 04:00:00.0","18594",22.839
"48","2015-05-18 04:00:00.0","18594",10.399
"49","2015-05-19 04:00:00.0","18594",11.245
"50","2015-05-20 04:00:00.0","18594",16.742
"51","2015-05-21 04:00:00.0","18594",10.662
"52","2015-05-22 04:00:00.0","18594",11.254
"53","2015-05-23 04:00:00.0","18594",18.569
"54","2015-05-24 04:00:00.0","18594",11.673
"55","2015-05-25 04:00:00.0","18594",17.582
"56","2015-05-26 04:00:00.0","18594",8.26
"57","2015-05-27 04:00:00.0","18594",11.526
"58","2015-05-28 04:00:00.0","18594",17.01
"59","2015-05-29 04:00:00.0","18594",21.765
"60","2015-05-30 04:00:00.0","18594",31.475
"61","2015-05-31 04:00:00.0","18594",28.745
"62","2015-06-01 04:00:00.0","18594",20.574
"63","2015-06-02 04:00:00.0","18594",18.615
"64","2015-06-03 04:00:00.0","18594",18.331
"65","2015-06-04 04:00:00.0","18594",19.589
"66","2015-06-05 04:00:00.0","18594",17.448
"67","2015-06-06 04:00:00.0","18594",22.448
"68","2015-06-07 04:00:00.0","18594",33.41
"69","2015-06-08 04:00:00.0","18594",21.158
"70","2015-06-09 04:00:00.0","18594",18.64
"71","2015-06-10 04:00:00.0","18594",19.113
"72","2015-06-11 04:00:00.0","18594",20.923
"73","2015-06-12 04:00:00.0","18594",29.55
"74","2015-06-13 04:00:00.0","18594",28.025
"75","2015-06-14 04:00:00.0","18594",23.178
"76","2015-06-15 04:00:00.0","18594",23.204
"77","2015-06-16 04:00:00.0","18594",23.728
"78","2015-06-17 04:00:00.0","18594",21.852
"79","2015-06-18 04:00:00.0","18594",25.201
"80","2015-06-19 04:00:00.0","18594",23.448
"81","2015-06-20 04:00:00.0","18594",22.526
"82","2015-06-21 04:00:00.0","18594",35.526
"83","2015-06-22 04:00:00.0","18594",19.903
"84","2015-06-23 04:00:00.0","18594",20.106
"85","2015-06-24 04:00:00.0","18594",23.053
"86","2015-06-25 04:00:00.0","18594",19.584
"87","2015-06-26 04:00:00.0","18594",21.538
"88","2015-06-27 04:00:00.0","18594",29.447
"89","2015-06-28 04:00:00.0","18594",26.316
"90","2015-06-29 04:00:00.0","18594",15.536
"91","2015-06-30 04:00:00.0","18594",7.2
"92","2015-07-01 04:00:00.0","18594",10.035
"93","2015-07-02 04:00:00.0","18594",9.487
"94","2015-07-03 04:00:00.0","18594",21.871
"95","2015-07-04 04:00:00.0","18594",10.835
"96","2015-07-05 04:00:00.0","18594",12.35
"97","2015-07-06 04:00:00.0","18594",9.487
"98","2015-07-07 04:00:00.0","18594",9.491
"99","2015-07-08 04:00:00.0","18594",10.275
"100","2015-07-09 04:00:00.0","18594",8.889
"101","2015-07-10 04:00:00.0","18594",9.295
"102","2015-07-11 04:00:00.0","18594",17.556
"103","2015-07-12 04:00:00.0","18594",7.725
"104","2015-07-13 04:00:00.0","18594",7.717
"105","2015-07-14 04:00:00.0","18594",7.71
"106","2015-07-15 04:00:00.0","18594",7.67
"107","2015-07-16 04:00:00.0","18594",7.179
"108","2015-07-17 04:00:00.0","18594",6.998
"109","2015-07-18 04:00:00.0","18594",7.056
"110","2015-07-19 04:00:00.0","18594",22.881
"111","2015-07-20 04:00:00.0","18594",11.4
"112","2015-07-21 04:00:00.0","18594",10.374
"113","2015-07-22 04:00:00.0","18594",11.313
"114","2015-07-23 04:00:00.0","18594",10.302
"115","2015-07-24 04:00:00.0","18594",9.897
"116","2015-07-25 04:00:00.0","18594",16.257
"117","2015-07-26 04:00:00.0","18594",15.172
"118","2015-07-27 04:00:00.0","18594",12.133
"119","2015-07-28 04:00:00.0","18594",10.43
"120","2015-07-29 04:00:00.0","18594",12.76
"121","2015-07-30 04:00:00.0","18594",11.699
"122","2015-07-31 04:00:00.0","18594",10.775
"123","2015-08-01 04:00:00.0","18594",18.763
"124","2015-08-02 04:00:00.0","18594",11.186
"125","2015-08-03 04:00:00.0","18594",9.568
"126","2015-08-04 04:00:00.0","18594",11.961
"127","2015-08-05 04:00:00.0","18594",11.213
"128","2015-08-06 04:00:00.0","18594",9.259
"129","2015-08-07 04:00:00.0","18594",13.474
"130","2015-08-08 04:00:00.0","18594",18.902
"131","2015-08-09 04:00:00.0","18594",9.614
"132","2015-08-10 04:00:00.0","18594",11.539
"133","2015-08-11 04:00:00.0","18594",10.543
"134","2015-08-12 04:00:00.0","18594",13.928
"135","2015-08-13 04:00:00.0","18594",10.618
"136","2015-08-14 04:00:00.0","18594",10.415
"137","2015-08-15 04:00:00.0","18594",19.008
"138","2015-08-16 04:00:00.0","18594",12.723
"139","2015-08-17 04:00:00.0","18594",11.03
"140","2015-08-18 04:00:00.0","18594",13.756
"141","2015-08-19 04:00:00.0","18594",11.507
"142","2015-08-20 04:00:00.0","18594",19.642
"143","2015-08-21 04:00:00.0","18594",10.152
"144","2015-08-22 04:00:00.0","18594",15.686
"145","2015-08-23 04:00:00.0","18594",9.291
"146","2015-08-24 04:00:00.0","18594",11.779
"147","2015-08-25 04:00:00.0","18594",10.118
"148","2015-08-26 04:00:00.0","18594",9.536
"149","2015-08-27 04:00:00.0","18594",10.094
"150","2015-08-28 04:00:00.0","18594",8.142
"151","2015-08-29 04:00:00.0","18594",8.738
"152","2015-08-30 04:00:00.0","18594",12.947
"153","2015-08-31 04:00:00.0","18594",12.369
"154","2015-09-01 04:00:00.0","18594",13.909
"155","2015-09-02 04:00:00.0","18594",9.494
"156","2015-09-03 04:00:00.0","18594",9.803
"157","2015-09-04 04:00:00.0","18594",8.784
"158","2015-09-05 04:00:00.0","18594",15.276
"159","2015-09-06 04:00:00.0","18594",10.629
"160","2015-09-07 04:00:00.0","18594",15.333
"161","2015-09-08 04:00:00.0","18594",10.589
"162","2015-09-09 04:00:00.0","18594",11.132
"163","2015-09-10 04:00:00.0","18594",10.754
"164","2015-09-11 04:00:00.0","18594",8.298
"165","2015-09-12 04:00:00.0","18594",23.315
"166","2015-09-13 04:00:00.0","18594",11.739
"167","2015-09-14 04:00:00.0","18594",9.797
"168","2015-09-15 04:00:00.0","18594",9.09
"169","2015-09-16 04:00:00.0","18594",10.527
"170","2015-09-17 04:00:00.0","18594",9.237
"171","2015-09-18 04:00:00.0","18594",13.08
"172","2015-09-19 04:00:00.0","18594",22.017
"173","2015-09-20 04:00:00.0","18594",14.508
"174","2015-09-21 04:00:00.0","18594",6.477
"175","2015-09-22 04:00:00.0","18594",6.309
"176","2015-09-23 04:00:00.0","18594",7.038
"177","2015-09-24 04:00:00.0","18594",6.592
"178","2015-09-25 04:00:00.0","18594",7.897
"179","2015-09-26 04:00:00.0","18594",8.577
"180","2015-09-27 04:00:00.0","18594",14.033
"181","2015-09-28 04:00:00.0","18594",7.325
"182","2015-09-29 04:00:00.0","18594",6.71
"183","2015-09-30 04:00:00.0","18594",7.1
"184","2015-10-01 04:00:00.0","18594",6.58
"185","2015-10-02 04:00:00.0","18594",11.434
"186","2015-10-03 04:00:00.0","18594",13.361
"187","2015-10-04 04:00:00.0","18594",13.146
"188","2015-10-05 04:00:00.0","18594",8.303
"189","2015-10-06 04:00:00.0","18594",7.308
"190","2015-10-07 04:00:00.0","18594",7.916
"191","2015-10-08 04:00:00.0","18594",6.616
"192","2015-10-09 04:00:00.0","18594",6.886
"193","2015-10-10 04:00:00.0","18594",12.689
"194","2015-10-11 04:00:00.0","18594",23.171
"195","2015-10-12 04:00:00.0","18594",6.439
"196","2015-10-13 04:00:00.0","18594",8.285
"197","2015-10-14 04:00:00.0","18594",7.265
"198","2015-10-15 04:00:00.0","18594",7.792
"199","2015-10-16 04:00:00.0","18594",14.357
"200","2015-10-17 04:00:00.0","18594",14.772
"201","2015-10-18 04:00:00.0","18594",15.281
"202","2015-10-19 04:00:00.0","18594",9.673
"203","2015-10-20 04:00:00.0","18594",6.942
"204","2015-10-21 04:00:00.0","18594",12.038
"205","2015-10-22 04:00:00.0","18594",7.209
"206","2015-10-23 04:00:00.0","18594",8.074
"207","2015-10-24 04:00:00.0","18594",6.109
"208","2015-10-25 04:00:00.0","18594",9.05
"209","2015-10-26 04:00:00.0","18594",6.962
"210","2015-10-27 04:00:00.0","18594",12.274
"211","2015-10-28 04:00:00.0","18594",12.51
"212","2015-10-29 04:00:00.0","18594",10.532
"213","2015-10-30 04:00:00.0","18594",10.951
"214","2015-10-31 04:00:00.0","18594",13.994
"215","2015-11-01 04:00:00.0","18594",14.015
"216","2015-11-02 05:00:00.0","18594",6.27
"217","2015-11-03 05:00:00.0","18594",5.857
"218","2015-11-04 05:00:00.0","18594",7.346
"219","2015-11-05 05:00:00.0","18594",6.357
"220","2015-11-06 05:00:00.0","18594",7.403
"221","2015-11-07 05:00:00.0","18594",11.555
"222","2015-11-08 05:00:00.0","18594",14.044
"223","2015-11-09 05:00:00.0","18594",9.857
"224","2015-11-10 05:00:00.0","18594",9.392
"225","2015-11-11 05:00:00.0","18594",8.493
"226","2015-11-12 05:00:00.0","18594",7.699
"227","2015-11-13 05:00:00.0","18594",7.997
"228","2015-11-14 05:00:00.0","18594",15.71
"229","2015-11-15 05:00:00.0","18594",13.228
"230","2015-11-16 05:00:00.0","18594",7.864
"231","2015-11-17 05:00:00.0","18594",8.777
"232","2015-11-18 05:00:00.0","18594",7.808
"233","2015-11-19 05:00:00.0","18594",7.105
"234","2015-11-20 05:00:00.0","18594",11.603
"235","2015-11-21 05:00:00.0","18594",20.726
"236","2015-11-22 05:00:00.0","18594",5.343
"237","2015-11-23 05:00:00.0","18594",7.357
"238","2015-11-24 05:00:00.0","18594",5.879
"239","2015-11-25 05:00:00.0","18594",5.727
"240","2015-11-26 05:00:00.0","18594",14.608
"241","2015-11-27 05:00:00.0","18594",5.578
"242","2015-11-28 05:00:00.0","18594",8.464
"243","2015-11-29 05:00:00.0","18594",7.868
"244","2015-11-30 05:00:00.0","18594",8.657
"245","2015-12-01 05:00:00.0","18594",11.821
"246","2015-12-02 05:00:00.0","18594",6.366
"247","2015-12-03 05:00:00.0","18594",8.282
"248","2015-12-04 05:00:00.0","18594",6.04
"249","2015-12-05 05:00:00.0","18594",22.802
"250","2015-12-06 05:00:00.0","18594",12.131
"251","2015-12-07 05:00:00.0","18594",6.381
"252","2015-12-08 05:00:00.0","18594",9.096
"253","2015-12-09 05:00:00.0","18594",8.411
"254","2015-12-10 05:00:00.0","18594",6.626
"255","2015-12-11 05:00:00.0","18594",8.197
"256","2015-12-12 05:00:00.0","18594",15.893
"257","2015-12-13 05:00:00.0","18594",18.537
"258","2015-12-14 05:00:00.0","18594",8.996
"259","2015-12-15 05:00:00.0","18594",9.771
"260","2015-12-16 05:00:00.0","18594",11.051
"261","2015-12-17 05:00:00.0","18594",20.342
"262","2015-12-18 05:00:00.0","18594",11.834
"263","2015-12-19 05:00:00.0","18594",13.628
"264","2015-12-20 05:00:00.0","18594",17.743
"265","2015-12-21 05:00:00.0","18594",16.708
"266","2015-12-22 05:00:00.0","18594",15.714
"267","2015-12-23 05:00:00.0","18594",20.385
"268","2015-12-24 05:00:00.0","18594",24.195
"269","2015-12-25 05:00:00.0","18594",24.241
"270","2015-12-26 05:00:00.0","18594",16.056
"271","2015-12-27 05:00:00.0","18594",28.671
"272","2015-12-28 05:00:00.0","18594",14.909
"273","2015-12-29 05:00:00.0","18594",21.345
"274","2015-12-30 05:00:00.0","18594",10.914
"275","2015-12-31 05:00:00.0","18594",12.132
"276","2016-01-01 05:00:00.0","18594",17.558
"277","2016-01-02 05:00:00.0","18594",10.965
"278","2016-01-03 05:00:00.0","18594",12.721
"279","2016-01-04 05:00:00.0","18594",10.679
"280","2016-01-05 05:00:00.0","18594",13.939
"281","2016-01-06 05:00:00.0","18594",14.158
"282","2016-01-07 05:00:00.0","18594",14.114
"283","2016-01-08 05:00:00.0","18594",10.625
"284","2016-01-09 05:00:00.0","18594",14.705
"285","2016-01-10 05:00:00.0","18594",17.51
"286","2016-01-11 05:00:00.0","18594",9.635
"287","2016-01-12 05:00:00.0","18594",8.427
"288","2016-01-13 05:00:00.0","18594",8.765
"289","2016-01-14 05:00:00.0","18594",10.209
"290","2016-01-15 05:00:00.0","18594",27.257
"291","2016-01-16 05:00:00.0","18594",15.67
"292","2016-01-17 05:00:00.0","18594",14.127
"293","2016-01-18 05:00:00.0","18594",9.186
"294","2016-01-19 05:00:00.0","18594",10.964
"295","2016-01-20 05:00:00.0","18594",9.334
"296","2016-01-21 05:00:00.0","18594",10.068
"297","2016-01-22 05:00:00.0","18594",9.445
"298","2016-01-23 05:00:00.0","18594",22.089
"299","2016-01-24 05:00:00.0","18594",17.73
"300","2016-01-25 05:00:00.0","18594",9.767
"301","2016-01-26 05:00:00.0","18594",9.076
"302","2016-01-27 05:00:00.0","18594",6.834
"303","2016-01-28 05:00:00.0","18594",7.592
"304","2016-01-29 05:00:00.0","18594",5.961
"305","2016-01-30 05:00:00.0","18594",19.53
"306","2016-01-31 05:00:00.0","18594",14.194
"307","2016-02-01 05:00:00.0","18594",7.831
"308","2016-02-02 05:00:00.0","18594",8.391
"309","2016-02-03 05:00:00.0","18594",8.64
"310","2016-02-04 05:00:00.0","18594",7.265
"311","2016-02-05 05:00:00.0","18594",7.8
"312","2016-02-06 05:00:00.0","18594",20.689
"313","2016-02-07 05:00:00.0","18594",12.728
"314","2016-02-08 05:00:00.0","18594",9.629
"315","2016-02-09 05:00:00.0","18594",9.211
"316","2016-02-10 05:00:00.0","18594",6.718
"317","2016-02-11 05:00:00.0","18594",7.457
"318","2016-02-12 05:00:00.0","18594",9.25
"319","2016-02-13 05:00:00.0","18594",19.893
"320","2016-02-14 05:00:00.0","18594",10.79
"321","2016-02-15 05:00:00.0","18594",16.341
"322","2016-02-16 05:00:00.0","18594",11.095
"323","2016-02-17 05:00:00.0","18594",7.769
"324","2016-02-18 05:00:00.0","18594",9.552
"325","2016-02-19 05:00:00.0","18594",6.33
"326","2016-02-20 05:00:00.0","18594",12.573
"327","2016-02-21 05:00:00.0","18594",11.787
"328","2016-02-22 05:00:00.0","18594",8.331
"329","2016-02-23 05:00:00.0","18594",7.279
"330","2016-02-24 05:00:00.0","18594",7.235
"331","2016-02-25 05:00:00.0","18594",6.791
"332","2016-02-26 05:00:00.0","18594",9.548
"333","2016-02-27 05:00:00.0","18594",18.863
"334","2016-02-28 05:00:00.0","18594",14.539
"335","2016-02-29 05:00:00.0","18594",7.953
"336","2016-03-01 05:00:00.0","18594",8.866
"337","2016-03-02 05:00:00.0","18594",10.162
"338","2016-03-03 05:00:00.0","18594",8.197
"339","2016-03-04 05:00:00.0","18594",10.332
"340","2016-03-05 05:00:00.0","18594",20.456
"341","2016-03-06 05:00:00.0","18594",11.251
"342","2016-03-07 05:00:00.0","18594",6.747
"343","2016-03-08 05:00:00.0","18594",7.566
"344","2016-03-09 05:00:00.0","18594",6.181
"345","2016-03-10 05:00:00.0","18594",6.757
"346","2016-03-11 05:00:00.0","18594",9.604
"347","2016-03-12 05:00:00.0","18594",13.771
"348","2016-03-13 05:00:00.0","18594",6.652
"349","2016-03-14 04:00:00.0","18594",8.148
"350","2016-03-15 04:00:00.0","18594",6.427
"351","2016-03-16 04:00:00.0","18594",5.705
"352","2016-03-17 04:00:00.0","18594",8.851
"353","2016-03-18 04:00:00.0","18594",6.89
"354","2016-03-19 04:00:00.0","18594",20.531
"355","2016-03-20 04:00:00.0","18594",7.71
"356","2016-03-21 04:00:00.0","18594",11.924
"357","2016-03-22 04:00:00.0","18594",8.178
"358","2016-03-23 04:00:00.0","18594",9.218
"359","2016-03-24 04:00:00.0","18594",7.688
"360","2016-03-25 04:00:00.0","18594",7.78
"361","2016-03-26 04:00:00.0","18594",17.753
"362","2016-03-27 04:00:00.0","18594",13.981
"363","2016-03-28 04:00:00.0","18594",6.703
"364","2016-03-29 04:00:00.0","18594",7.206
"365","2016-03-30 04:00:00.0","18594",7.724
"366","2016-03-31 04:00:00.0","18594",7.369
"367","2016-04-01 04:00:00.0","18594",5.011
"368","2016-04-02 04:00:00.0","18594",9.148
"369","2016-04-03 04:00:00.0","18594",14.404
"370","2016-04-04 04:00:00.0","18594",8.623
"371","2016-04-05 04:00:00.0","18594",7.597
"372","2016-04-06 04:00:00.0","18594",8.739
"373","2016-04-07 04:00:00.0","18594",7.548
"374","2016-04-08 04:00:00.0","18594",11.102
"375","2016-04-09 04:00:00.0","18594",13.389
"376","2016-04-10 04:00:00.0","18594",8.739
"377","2016-04-11 04:00:00.0","18594",7.42
"378","2016-04-12 04:00:00.0","18594",7.527
"379","2016-04-13 04:00:00.0","18594",7.611
"380","2016-04-14 04:00:00.0","18594",6.492
"381","2016-04-15 04:00:00.0","18594",7.405
"382","2016-04-16 04:00:00.0","18594",8.872
"383","2016-04-17 04:00:00.0","18594",6.454
"384","2016-04-18 04:00:00.0","18594",6.21
"385","2016-04-19 04:00:00.0","18594",7.071
"386","2016-04-20 04:00:00.0","18594",6.48
"387","2016-04-21 04:00:00.0","18594",5.568
"388","2016-04-22 04:00:00.0","18594",6.618
"389","2016-04-23 04:00:00.0","18594",11.748
"390","2016-04-24 04:00:00.0","18594",6.07
"391","2016-04-25 04:00:00.0","18594",6.37
"392","2016-04-26 04:00:00.0","18594",6.817
"393","2016-04-27 04:00:00.0","18594",6.168
"394","2016-04-28 04:00:00.0","18594",5.303
"395","2016-04-29 04:00:00.0","18594",7.535
"396","2016-04-30 04:00:00.0","18594",9.614
"397","2016-05-01 04:00:00.0","18594",9.192
"398","2016-05-02 04:00:00.0","18594",6.081
"399","2016-05-03 04:00:00.0","18594",6.414
"400","2016-05-04 04:00:00.0","18594",6.442
"401","2016-05-05 04:00:00.0","18594",4.448
"402","2016-05-06 04:00:00.0","18594",8.885
"403","2016-05-07 04:00:00.0","18594",10.068
"404","2016-05-08 04:00:00.0","18594",6.45
"405","2016-05-09 04:00:00.0","18594",6.256
"406","2016-05-10 04:00:00.0","18594",4.938
"407","2016-05-11 04:00:00.0","18594",5.566
"408","2016-05-12 04:00:00.0","18594",7.597
"409","2016-05-13 04:00:00.0","18594",9.303
"410","2016-05-14 04:00:00.0","18594",7.232
"411","2016-05-15 04:00:00.0","18594",6.125
"412","2016-05-16 04:00:00.0","18594",7.112
"413","2016-05-17 04:00:00.0","18594",5.313
"414","2016-05-18 04:00:00.0","18594",5.751
"415","2016-05-19 04:00:00.0","18594",4.516
"416","2016-05-20 04:00:00.0","18594",6.467
"417","2016-05-21 04:00:00.0","18594",9.086
"418","2016-05-22 04:00:00.0","18594",8.563
"419","2016-05-23 04:00:00.0","18594",4.753
"420","2016-05-24 04:00:00.0","18594",4.938
"421","2016-05-25 04:00:00.0","18594",5.682
"422","2016-05-26 04:00:00.0","18594",4.995
"423","2016-05-27 04:00:00.0","18594",3.661
"424","2016-05-28 04:00:00.0","18594",4.658
"425","2016-05-29 04:00:00.0","18594",11.04
"426","2016-05-30 04:00:00.0","18594",6.647
"427","2016-05-31 04:00:00.0","18594",5.714
"428","2016-06-01 04:00:00.0","18594",5.699
"429","2016-06-02 04:00:00.0","18594",4.73
"430","2016-06-03 04:00:00.0","18594",5.082
"431","2016-06-04 04:00:00.0","18594",3.878
"432","2016-06-05 04:00:00.0","18594",14.835
"433","2016-06-06 04:00:00.0","18594",4.719
"434","2016-06-07 04:00:00.0","18594",3.87
"435","2016-06-08 04:00:00.0","18594",3.584
"436","2016-06-09 04:00:00.0","18594",7.615
"437","2016-06-10 04:00:00.0","18594",4.048
"438","2016-06-11 04:00:00.0","18594",13.321
"439","2016-06-12 04:00:00.0","18594",6.555
"440","2016-06-13 04:00:00.0","18594",4.285
"441","2016-06-14 04:00:00.0","18594",5.534
"442","2016-06-15 04:00:00.0","18594",4.954
"443","2016-06-16 04:00:00.0","18594",4.491
"444","2016-06-17 04:00:00.0","18594",4.884
"445","2016-06-18 04:00:00.0","18594",4.203
"446","2016-06-19 04:00:00.0","18594",7.016
"447","2016-06-20 04:00:00.0","18594",8.165
"448","2016-06-21 04:00:00.0","18594",4.296
"449","2016-06-22 04:00:00.0","18594",5.241
"450","2016-06-23 04:00:00.0","18594",5.855
"451","2016-06-24 04:00:00.0","18594",3.677
"452","2016-06-25 04:00:00.0","18594",8.238
"453","2016-06-26 04:00:00.0","18594",6.677
"454","2016-06-27 04:00:00.0","18594",5.432
"455","2016-06-28 04:00:00.0","18594",4.842
"456","2016-06-29 04:00:00.0","18594",5.072
"457","2016-06-30 04:00:00.0","18594",4.436
"458","2016-07-01 04:00:00.0","18594",5.959
"459","2016-07-02 04:00:00.0","18594",12.109
"460","2016-07-03 04:00:00.0","18594",14.011
"461","2016-07-04 04:00:00.0","18594",12.193
"462","2016-07-05 04:00:00.0","18594",11.881
"463","2016-07-06 04:00:00.0","18594",11.216
"464","2016-07-07 04:00:00.0","18594",11.572
"465","2016-07-08 04:00:00.0","18594",10.335
"466","2016-07-09 04:00:00.0","18594",13.684
"467","2016-07-10 04:00:00.0","18594",13.564
"468","2016-07-11 04:00:00.0","18594",5.603
"469","2016-07-12 04:00:00.0","18594",7.76
"470","2016-07-13 04:00:00.0","18594",8.646
"471","2016-07-14 04:00:00.0","18594",6.303
"472","2016-07-15 04:00:00.0","18594",4.537
"473","2016-07-16 04:00:00.0","18594",5.512
"474","2016-07-17 04:00:00.0","18594",6.847
"475","2016-07-18 04:00:00.0","18594",5.624
"476","2016-07-19 04:00:00.0","18594",5.917
"477","2016-07-20 04:00:00.0","18594",4.727
"478","2016-07-21 04:00:00.0","18594",5.398
"479","2016-07-22 04:00:00.0","18594",6.99
"480","2016-07-23 04:00:00.0","18594",6.687
"481","2016-07-24 04:00:00.0","18594",6.946
"482","2016-07-25 04:00:00.0","18594",4.512
"483","2016-07-26 04:00:00.0","18594",6.323
"484","2016-07-27 04:00:00.0","18594",4.827
"485","2016-07-28 04:00:00.0","18594",6.939
"486","2016-07-29 04:00:00.0","18594",4.978
"487","2016-07-30 04:00:00.0","18594",4.24
"488","2016-07-31 04:00:00.0","18594",7.732
"489","2016-08-01 04:00:00.0","18594",6.442
"490","2016-08-02 04:00:00.0","18594",4.928
"491","2016-08-03 04:00:00.0","18594",4.258
"492","2016-08-04 04:00:00.0","18594",5.434
"493","2016-08-05 04:00:00.0","18594",4.625
"494","2016-08-06 04:00:00.0","18594",5.286
"495","2016-08-07 04:00:00.0","18594",5.882
"496","2016-08-08 04:00:00.0","18594",6.236
"497","2016-08-09 04:00:00.0","18594",5.562
"498","2016-08-10 04:00:00.0","18594",7.152
"499","2016-08-11 04:00:00.0","18594",6.225
"500","2016-08-12 04:00:00.0","18594",8.652
"501","2016-08-13 04:00:00.0","18594",18.421
"502","2016-08-14 04:00:00.0","18594",8.725
"503","2016-08-15 04:00:00.0","18594",10.063
"504","2016-08-16 04:00:00.0","18594",13.334
"505","2016-08-17 04:00:00.0","18594",8.858
"506","2016-08-18 04:00:00.0","18594",6.575
"507","2016-08-19 04:00:00.0","18594",5.697
"508","2016-08-20 04:00:00.0","18594",5.169
"509","2016-08-21 04:00:00.0","18594",8.256
"510","2016-08-22 04:00:00.0","18594",5.531
"511","2016-08-23 04:00:00.0","18594",5.064
"512","2016-08-24 04:00:00.0","18594",3.667
"513","2016-08-25 04:00:00.0","18594",5.793
"514","2016-08-26 04:00:00.0","18594",6.454
"515","2016-08-27 04:00:00.0","18594",6.615
"516","2016-08-28 04:00:00.0","18594",7.071
"517","2016-08-29 04:00:00.0","18594",6.007
"518","2016-08-30 04:00:00.0","18594",5.852
"519","2016-08-31 04:00:00.0","18594",6.921
"520","2016-09-01 04:00:00.0","18594",4.23
"521","2016-09-02 04:00:00.0","18594",4.148
"522","2016-09-03 04:00:00.0","18594",5.914
"523","2016-09-04 04:00:00.0","18594",6.011
"524","2016-09-05 04:00:00.0","18594",5.601
"525","2016-09-06 04:00:00.0","18594",4.85
"526","2016-09-07 04:00:00.0","18594",6.541
"527","2016-09-08 04:00:00.0","18594",5.041
"528","2016-09-09 04:00:00.0","18594",4.35
"529","2016-09-10 04:00:00.0","18594",10.864
"530","2016-09-11 04:00:00.0","18594",11.669
"531","2016-09-12 04:00:00.0","18594",4.127
"532","2016-09-13 04:00:00.0","18594",5.851
"533","2016-09-14 04:00:00.0","18594",3.732
"534","2016-09-15 04:00:00.0","18594",5.716
"535","2016-09-16 04:00:00.0","18594",3.415
"536","2016-09-17 04:00:00.0","18594",8.848
"537","2016-09-18 04:00:00.0","18594",5.203
"538","2016-09-19 04:00:00.0","18594",6.268
"539","2016-09-20 04:00:00.0","18594",4.996
"540","2016-09-21 04:00:00.0","18594",4.47
"541","2016-09-22 04:00:00.0","18594",3.289
"542","2016-09-23 04:00:00.0","18594",5.105
"543","2016-09-24 04:00:00.0","18594",9.763
"544","2016-09-25 04:00:00.0","18594",8.247
"545","2016-09-26 04:00:00.0","18594",4.491
"546","2016-09-27 04:00:00.0","18594",4.121
"547","2016-09-28 04:00:00.0","18594",4.484
"548","2016-09-29 04:00:00.0","18594",3.848
"549","2016-09-30 04:00:00.0","18594",4.114
"550","2016-10-01 04:00:00.0","18594",9.067
"551","2016-10-02 04:00:00.0","18594",8.905
"552","2016-10-03 04:00:00.0","18594",5.052
"553","2016-10-04 04:00:00.0","18594",3.081
"554","2016-10-05 04:00:00.0","18594",4.319
"555","2016-10-06 04:00:00.0","18594",3.835
"556","2016-10-07 04:00:00.0","18594",4.639
"557","2016-10-08 04:00:00.0","18594",8.124
"558","2016-10-09 04:00:00.0","18594",8.361
"559","2016-10-10 04:00:00.0","18594",10.796
"560","2016-10-11 04:00:00.0","18594",5.034
"561","2016-10-12 04:00:00.0","18594",5.056
"562","2016-10-13 04:00:00.0","18594",3.939
"563","2016-10-14 04:00:00.0","18594",5.707
"564","2016-10-15 04:00:00.0","18594",8.328
"565","2016-10-16 04:00:00.0","18594",9.825
"566","2016-10-17 04:00:00.0","18594",4.158
"567","2016-10-18 04:00:00.0","18594",5.34
"568","2016-10-19 04:00:00.0","18594",5.236
"569","2016-10-20 04:00:00.0","18594",6.694
"570","2016-10-21 04:00:00.0","18594",6.713
"571","2016-10-22 04:00:00.0","18594",13.32
"572","2016-10-23 04:00:00.0","18594",8.352
"573","2016-10-24 04:00:00.0","18594",5.858
"574","2016-10-25 04:00:00.0","18594",7.086
"575","2016-10-26 04:00:00.0","18594",7.004
"576","2016-10-27 04:00:00.0","18594",6.783
"577","2016-10-28 04:00:00.0","18594",6.817
"578","2016-10-29 04:00:00.0","18594",15.238
"579","2016-10-30 04:00:00.0","18594",7.596
"580","2016-10-31 04:00:00.0","18594",7.455
"581","2016-11-01 04:00:00.0","18594",6.304
"582","2016-11-02 04:00:00.0","18594",6.63
"583","2016-11-03 04:00:00.0","18594",5.093
"584","2016-11-04 04:00:00.0","18594",6.731
"585","2016-11-05 04:00:00.0","18594",11.225334
"586","2016-11-06 04:00:00.0","18594",11.855
"587","2016-11-07 05:00:00.0","18594",7.161
"588","2016-11-08 05:00:00.0","18594",6.119
"589","2016-11-09 05:00:00.0","18594",6.944
"590","2016-11-10 05:00:00.0","18594",7.004
"591","2016-11-11 05:00:00.0","18594",8.136
"592","2016-11-12 05:00:00.0","18594",11.365
"593","2016-11-13 05:00:00.0","18594",6.377
"594","2016-11-14 05:00:00.0","18594",6.153
"595","2016-11-15 05:00:00.0","18594",5.205
"596","2016-11-16 05:00:00.0","18594",5.271
"597","2016-11-17 05:00:00.0","18594",6.949
"598","2016-11-18 05:00:00.0","18594",5.169
"599","2016-11-19 05:00:00.0","18594",8.582
"600","2016-11-20 05:00:00.0","18594",8.582
"601","2016-11-21 05:00:00.0","18594",8.189
"602","2016-11-22 05:00:00.0","18594",8.693
"603","2016-11-23 05:00:00.0","18594",5.242
"604","2016-11-24 05:00:00.0","18594",3.774
"605","2016-11-25 05:00:00.0","18594",3.521
"606","2016-11-26 05:00:00.0","18594",3.561
"607","2016-11-27 05:00:00.0","18594",4.888
"608","2016-11-28 05:00:00.0","18594",7.965
"609","2016-11-29 05:00:00.0","18594",6.673
"610","2016-11-30 05:00:00.0","18594",6.463
"611","2016-12-01 05:00:00.0","18594",7.708
"612","2016-12-02 05:00:00.0","18594",7.719
"613","2016-12-03 05:00:00.0","18594",10.219
"614","2016-12-04 05:00:00.0","18594",12.126
"615","2016-12-05 05:00:00.0","18594",6.668
"616","2016-12-06 05:00:00.0","18594",10.073
"617","2016-12-07 05:00:00.0","18594",7.562
"618","2016-12-08 05:00:00.0","18594",8.58
"619","2016-12-09 05:00:00.0","18594",9.128
"620","2016-12-10 05:00:00.0","18594",11.745
"621","2016-12-11 05:00:00.0","18594",10.378
"622","2016-12-12 05:00:00.0","18594",7.985
"623","2016-12-13 05:00:00.0","18594",6.905
"624","2016-12-14 05:00:00.0","18594",7.621
"625","2016-12-15 05:00:00.0","18594",7.405
"626","2016-12-16 05:00:00.0","18594",9.307
"627","2016-12-17 05:00:00.0","18594",12.5
"628","2016-12-18 05:00:00.0","18594",10.735
"629","2016-12-19 05:00:00.0","18594",9.825
"630","2016-12-20 05:00:00.0","18594",8.769
"631","2016-12-21 05:00:00.0","18594",8.173
"632","2016-12-22 05:00:00.0","18594",8.911
"633","2016-12-23 05:00:00.0","18594",12.683
"634","2016-12-24 05:00:00.0","18594",11.63
"635","2016-12-25 05:00:00.0","18594",9.441
"636","2016-12-26 05:00:00.0","18594",12.348
"637","2016-12-27 05:00:00.0","18594",8.357
"638","2016-12-28 05:00:00.0","18594",8.835
"639","2016-12-29 05:00:00.0","18594",9.723
"640","2016-12-30 05:00:00.0","18594",10.737
"641","2016-12-31 05:00:00.0","18594",9.125
"642","2017-01-01 05:00:00.0","18594",9.951
"643","2017-01-02 05:00:00.0","18594",11.178
"644","2017-01-03 05:00:00.0","18594",8.886
"645","2017-01-04 05:00:00.0","18594",6.151
"646","2017-01-05 05:00:00.0","18594",7.938
"647","2017-01-06 05:00:00.0","18594",7.978
"648","2017-01-07 05:00:00.0","18594",12.552
"649","2017-01-08 05:00:00.0","18594",10.66
"650","2017-01-09 05:00:00.0","18594",8.3
"651","2017-01-10 05:00:00.0","18594",6.989
"652","2017-01-11 05:00:00.0","18594",7.286
"653","2017-01-12 05:00:00.0","18594",6.858
"654","2017-01-13 05:00:00.0","18594",7.409
"655","2017-01-14 05:00:00.0","18594",13.294
"656","2017-01-15 05:00:00.0","18594",14.057
"657","2017-01-16 05:00:00.0","18594",8.799
"658","2017-01-17 05:00:00.0","18594",7.289
"659","2017-01-18 05:00:00.0","18594",7.701
"660","2017-01-19 05:00:00.0","18594",7.373
"661","2017-01-20 05:00:00.0","18594",8.218
"662","2017-01-21 05:00:00.0","18594",10.285
"663","2017-01-22 05:00:00.0","18594",8.091
"664","2017-01-23 05:00:00.0","18594",8.934
"665","2017-01-24 05:00:00.0","18594",7.371
"666","2017-01-25 05:00:00.0","18594",7.241
"667","2017-01-26 05:00:00.0","18594",7.814
"668","2017-01-27 05:00:00.0","18594",8.4
"669","2017-01-28 05:00:00.0","18594",9.644
"670","2017-01-29 05:00:00.0","18594",9.338
"671","2017-01-30 05:00:00.0","18594",7.954
"672","2017-01-31 05:00:00.0","18594",8.863
"673","2017-02-01 05:00:00.0","18594",6.668
"674","2017-02-02 05:00:00.0","18594",9.655
"675","2017-02-03 05:00:00.0","18594",7.06
"676","2017-02-04 05:00:00.0","18594",11.138
"677","2017-02-05 05:00:00.0","18594",12.878
"678","2017-02-06 05:00:00.0","18594",7.685
"679","2017-02-07 05:00:00.0","18594",7.713
"680","2017-02-08 05:00:00.0","18594",6.651
"681","2017-02-09 05:00:00.0","18594",7.465
"682","2017-02-10 05:00:00.0","18594",10.584
"683","2017-02-11 05:00:00.0","18594",8.586
"684","2017-02-12 05:00:00.0","18594",9.489
"685","2017-02-13 05:00:00.0","18594",8.533
"686","2017-02-14 05:00:00.0","18594",7.945
"687","2017-02-15 05:00:00.0","18594",6.674
"688","2017-02-16 05:00:00.0","18594",8.126
"689","2017-02-17 05:00:00.0","18594",9.686
"690","2017-02-18 05:00:00.0","18594",9.16
"691","2017-02-19 05:00:00.0","18594",10.278
"692","2017-02-20 05:00:00.0","18594",8.1
"693","2017-02-21 05:00:00.0","18594",7.008
"694","2017-02-22 05:00:00.0","18594",5.233
"695","2017-02-23 05:00:00.0","18594",6.215
"696","2017-02-24 05:00:00.0","18594",6.492
"697","2017-02-25 05:00:00.0","18594",10.31
"698","2017-02-26 05:00:00.0","18594",20.308
